title,year,poster,duration,genre,imdb_rating,metascore_rating,director,cast
The Shawshank Redemption,1994,"https://m.media-amazon.com/images/M/MV5BMDFkYTc0MGEtZmNhMC00ZDIzLWFmNTEtODM1ZmRlYWMwMWFmXkEyXkFqcGdeQXVyMTMxODk2OTU@._V1_UX546_CR0,0,546,804_AL_.jpg",142,Drama,9.3,80,Frank Darabont,"Tim Robbins, Morgan Freeman, Bob Gunton, William Sadler"
The Godfather,1972,"https://m.media-amazon.com/images/M/MV5BM2MyNjYxNmUtYTAwNi00MTYxLWJmNWYtYzZlODY3ZTk3OTFlXkEyXkFqcGdeQXVyNzkwMjQ5NzM@._V1_UX546_CR0,0,546,804_AL_.jpg",175,"Crime, Drama",9.2,100,Francis Ford Coppola,"Marlon Brando, Al Pacino, James Caan, Diane Keaton"
The Dark Knight,2008,"https://m.media-amazon.com/images/M/MV5BMTMxNTMwODM0NF5BMl5BanBnXkFtZTcwODAyMTk2Mw@@._V1_UX546_CR0,0,546,804_AL_.jpg",152,"Action, Crime, Drama",9.0,84,Christopher Nolan,"Christian Bale, Heath Ledger, Aaron Eckhart, Michael Caine"
The Godfather: Part II,1974,"https://m.media-amazon.com/images/M/MV5BMWMwMGQzZTItY2JlNC00OWZiLWIyMDctNDk2ZDQ2YjRjMWQ0XkEyXkFqcGdeQXVyNzkwMjQ5NzM@._V1_UX546_CR0,0,546,804_AL_.jpg",202,"Crime, Drama",9.0,90,Francis Ford Coppola,"Al Pacino, Robert De Niro, Robert Duvall, Diane Keaton"
12 Angry Men,1957,"https://m.media-amazon.com/images/M/MV5BMWU4N2FjNzYtNTVkNC00NzQ0LTg0MjAtYTJlMjFhNGUxZDFmXkEyXkFqcGdeQXVyNjc1NTYyMjg@._V1_UX546_CR0,0,546,804_AL_.jpg",96,"Crime, Drama",9.0,96,Sidney Lumet,"Henry Fonda, Lee J. Cobb, Martin Balsam, John Fiedler"
The Lord of the Rings: The Return of the King,2003,"https://m.media-amazon.com/images/M/MV5BNzA5ZDNlZWMtM2NhNS00NDJjLTk4NDItYTRmY2EwMWZlMTY3XkEyXkFqcGdeQXVyNzkwMjQ5NzM@._V1_UX546_CR0,0,546,804_AL_.jpg",201,"Action, Adventure, Drama",8.9,94,Peter Jackson,"Elijah Wood, Viggo Mortensen, Ian McKellen, Orlando Bloom"
Pulp Fiction,1994,"https://m.media-amazon.com/images/M/MV5BNGNhMDIzZTUtNTBlZi00MTRlLWFjM2ItYzViMjE3YzI5MjljXkEyXkFqcGdeQXVyNzkwMjQ5NzM@._V1_UX546_CR0,0,546,804_AL_.jpg",154,"Crime, Drama",8.9,94,Quentin Tarantino,"John Travolta, Uma Thurman, Samuel L. Jackson, Bruce Willis"
Schindler's List,1993,"https://m.media-amazon.com/images/M/MV5BNDE4OTMxMTctNmRhYy00NWE2LTg3YzItYTk3M2UwOTU5Njg4XkEyXkFqcGdeQXVyNjU0OTQ0OTY@._V1_UX546_CR0,0,546,804_AL_.jpg",195,"Biography, Drama, History",8.9,94,Steven Spielberg,"Liam Neeson, Ralph Fiennes, Ben Kingsley, Caroline Goodall"
Inception,2010,"https://m.media-amazon.com/images/M/MV5BMjAxMzY3NjcxNF5BMl5BanBnXkFtZTcwNTI5OTM0Mw@@._V1_UX546_CR0,0,546,804_AL_.jpg",148,"Action, Adventure, Sci-Fi",8.8,74,Christopher Nolan,"Leonardo DiCaprio, Joseph Gordon-Levitt, Elliot Page, Ken Watanabe"
Fight Club,1999,"https://m.media-amazon.com/images/M/MV5BMmEzNTkxYjQtZTc0MC00YTVjLTg5ZTEtZWMwOWVlYzY0NWIwXkEyXkFqcGdeQXVyNzkwMjQ5NzM@._V1_UX546_CR0,0,546,804_AL_.jpg",139,Drama,8.8,66,David Fincher,"Brad Pitt, Edward Norton, Meat Loaf, Zach Grenier"
The Lord of the Rings: The Fellowship of the Ring,2001,"https://m.media-amazon.com/images/M/MV5BN2EyZjM3NzUtNWUzMi00MTgxLWI0NTctMzY4M2VlOTdjZWRiXkEyXkFqcGdeQXVyNDUzOTQ5MjY@._V1_UX546_CR0,0,546,804_AL_.jpg",178,"Action, Adventure, Drama",8.8,92,Peter Jackson,"Elijah Wood, Ian McKellen, Orlando Bloom, Sean Bean"
Forrest Gump,1994,"https://m.media-amazon.com/images/M/MV5BNWIwODRlZTUtY2U3ZS00Yzg1LWJhNzYtMmZiYmEyNmU1NjMzXkEyXkFqcGdeQXVyMTQxNzMzNDI@._V1_UX546_CR0,0,546,804_AL_.jpg",142,"Drama, Romance",8.8,82,Robert Zemeckis,"Tom Hanks, Robin Wright, Gary Sinise, Sally Field"
"Il buono, il brutto, il cattivo",1966,"https://m.media-amazon.com/images/M/MV5BOTQ5NDI3MTI4MF5BMl5BanBnXkFtZTgwNDQ4ODE5MDE@._V1_UX546_CR0,0,546,804_AL_.jpg",161,Western,8.8,90,Sergio Leone,"Clint Eastwood, Eli Wallach, Lee Van Cleef, Aldo Giuffrè"
Soorarai Pottru,2020,"https://m.media-amazon.com/images/M/MV5BOTc2ZTlmYmItMDBhYS00YmMzLWI4ZjAtMTI5YTBjOTFiMGEwXkEyXkFqcGdeQXVyODE5NzE3OTE@._V1_UX546_CR0,0,546,804_AL_.jpg",153,Drama,8.7,0,Sudha Kongara,"Suriya, Paresh Rawal, Aparna Balamurali, Vinodhini Vaidynathan"
The Lord of the Rings: The Two Towers,2002,"https://m.media-amazon.com/images/M/MV5BZGMxZTdjZmYtMmE2Ni00ZTdkLWI5NTgtNjlmMjBiNzU2MmI5XkEyXkFqcGdeQXVyNjU0OTQ0OTY@._V1_UX546_CR0,0,546,804_AL_.jpg",179,"Action, Adventure, Drama",8.7,87,Peter Jackson,"Elijah Wood, Ian McKellen, Viggo Mortensen, Orlando Bloom"
The Matrix,1999,"https://m.media-amazon.com/images/M/MV5BNzQzOTk3OTAtNDQ0Zi00ZTVkLWI0MTEtMDllZjNkYzNjNTc4L2ltYWdlXkEyXkFqcGdeQXVyNjU0OTQ0OTY@._V1_UX546_CR0,0,546,804_AL_.jpg",136,"Action, Sci-Fi",8.7,73,Lana Wachowski,"Lilly Wachowski, Keanu Reeves, Laurence Fishburne, Carrie-Anne Moss, Hugo Weaving"
Goodfellas,1990,"https://m.media-amazon.com/images/M/MV5BY2NkZjEzMDgtN2RjYy00YzM1LWI4ZmQtMjIwYjFjNmI3ZGEwXkEyXkFqcGdeQXVyNzkwMjQ5NzM@._V1_UX546_CR0,0,546,804_AL_.jpg",146,"Biography, Crime, Drama",8.7,90,Martin Scorsese,"Robert De Niro, Ray Liotta, Joe Pesci, Lorraine Bracco"
Star Wars: Episode V - The Empire Strikes Back,1980,"https://m.media-amazon.com/images/M/MV5BYmU1NDRjNDgtMzhiMi00NjZmLTg5NGItZDNiZjU5NTU4OTE0XkEyXkFqcGdeQXVyNzkwMjQ5NzM@._V1_UX546_CR0,0,546,804_AL_.jpg",124,"Action, Adventure, Fantasy",8.7,82,Irvin Kershner,"Mark Hamill, Harrison Ford, Carrie Fisher, Billy Dee Williams"
One Flew Over the Cuckoo's Nest,1975,"https://m.media-amazon.com/images/M/MV5BZjA0OWVhOTAtYWQxNi00YzNhLWI4ZjYtNjFjZTEyYjJlNDVlL2ltYWdlL2ltYWdlXkEyXkFqcGdeQXVyMTQxNzMzNDI@._V1_UX546_CR0,0,546,804_AL_.jpg",133,Drama,8.7,83,Milos Forman,"Jack Nicholson, Louise Fletcher, Michael Berryman, Peter Brocco"
Hamilton,2020,"https://m.media-amazon.com/images/M/MV5BNjViNWRjYWEtZTI0NC00N2E3LTk0NGQtMjY4NTM3OGNkZjY0XkEyXkFqcGdeQXVyMjUxMTY3ODM@._V1_UX546_CR0,0,546,804_AL_.jpg",160,"Biography, Drama, History",8.6,90,Thomas Kail,"Lin-Manuel Miranda, Phillipa Soo, Leslie Odom Jr., Renée Elise Goldsberry"
Gisaengchung,2019,"https://m.media-amazon.com/images/M/MV5BYWZjMjk3ZTItODQ2ZC00NTY5LWE0ZDYtZTI3MjcwN2Q5NTVkXkEyXkFqcGdeQXVyODk4OTc3MTY@._V1_UX546_CR0,0,546,804_AL_.jpg",132,"Comedy, Drama, Thriller",8.6,96,Bong Joon Ho,"Song Kang-Ho, Lee Sun-kyun, Cho Yeo-jeong, Choi Woo-sik"
Interstellar,2014,"https://m.media-amazon.com/images/M/MV5BZjdkOTU3MDktN2IxOS00OGEyLWFmMjktY2FiMmZkNWIyODZiXkEyXkFqcGdeQXVyMTMxODk2OTU@._V1_UX546_CR0,0,546,804_AL_.jpg",169,"Adventure, Drama, Sci-Fi",8.6,74,Christopher Nolan,"Matthew McConaughey, Anne Hathaway, Jessica Chastain, Mackenzie Foy"
Cidade de Deus,2002,"https://m.media-amazon.com/images/M/MV5BOTMwYjc5ZmItYTFjZC00ZGQ3LTlkNTMtMjZiNTZlMWQzNzI5XkEyXkFqcGdeQXVyNzkwMjQ5NzM@._V1_UX546_CR0,0,546,804_AL_.jpg",130,"Crime, Drama",8.6,79,Fernando Meirelles,"Kátia Lund, Alexandre Rodrigues, Leandro Firmino, Matheus Nachtergaele, Phellipe Haagensen"
Sen to Chihiro no kamikakushi,2001,"https://m.media-amazon.com/images/M/MV5BMjlmZmI5MDctNDE2YS00YWE0LWE5ZWItZDBhYWQ0NTcxNWRhXkEyXkFqcGdeQXVyMTMxODk2OTU@._V1_UX546_CR0,0,546,804_AL_.jpg",125,"Animation, Adventure, Family",8.6,96,Hayao Miyazaki,"Daveigh Chase, Suzanne Pleshette, Miyu Irino, Rumi Hiiragi"
Saving Private Ryan,1998,"https://m.media-amazon.com/images/M/MV5BZjhkMDM4MWItZTVjOC00ZDRhLThmYTAtM2I5NzBmNmNlMzI1XkEyXkFqcGdeQXVyNDYyMDk5MTU@._V1_UX546_CR0,0,546,804_AL_.jpg",169,"Drama, War",8.6,91,Steven Spielberg,"Tom Hanks, Matt Damon, Tom Sizemore, Edward Burns"
The Green Mile,1999,"https://m.media-amazon.com/images/M/MV5BMTUxMzQyNjA5MF5BMl5BanBnXkFtZTYwOTU2NTY3._V1_UX67_CR0,0,67,98_AL_.jpg@._V1_UX546_CR0,0,546,804_AL_.jpg",189,"Crime, Drama, Fantasy",8.6,61,Frank Darabont,"Tom Hanks, Michael Clarke Duncan, David Morse, Bonnie Hunt"
La vita è bella,1997,"https://m.media-amazon.com/images/M/MV5BYmJmM2Q4NmMtYThmNC00ZjRlLWEyZmItZTIwOTBlZDQ3NTQ1XkEyXkFqcGdeQXVyMTQxNzMzNDI@._V1_UX546_CR0,0,546,804_AL_.jpg",116,"Comedy, Drama, Romance",8.6,59,Roberto Benigni,"Roberto Benigni, Nicoletta Braschi, Giorgio Cantarini, Giustino Durano"
Se7en,1995,"https://m.media-amazon.com/images/M/MV5BOTUwODM5MTctZjczMi00OTk4LTg3NWUtNmVhMTAzNTNjYjcyXkEyXkFqcGdeQXVyNjU0OTQ0OTY@._V1_UX546_CR0,0,546,804_AL_.jpg",127,"Crime, Drama, Mystery",8.6,65,David Fincher,"Morgan Freeman, Brad Pitt, Kevin Spacey, Andrew Kevin Walker"
The Silence of the Lambs,1991,"https://m.media-amazon.com/images/M/MV5BNjNhZTk0ZmEtNjJhMi00YzFlLWE1MmEtYzM1M2ZmMGMwMTU4XkEyXkFqcGdeQXVyNjU0OTQ0OTY@._V1_UX546_CR0,0,546,804_AL_.jpg",118,"Crime, Drama, Thriller",8.6,85,Jonathan Demme,"Jodie Foster, Anthony Hopkins, Lawrence A. Bonney, Kasi Lemmons"
Star Wars,1977,"https://m.media-amazon.com/images/M/MV5BNzVlY2MwMjktM2E4OS00Y2Y3LWE3ZjctYzhkZGM3YzA1ZWM2XkEyXkFqcGdeQXVyNzkwMjQ5NzM@._V1_UX546_CR0,0,546,804_AL_.jpg",121,"Action, Adventure, Fantasy",8.6,90,George Lucas,"Mark Hamill, Harrison Ford, Carrie Fisher, Alec Guinness"
Seppuku,1962,"https://m.media-amazon.com/images/M/MV5BYjBmYTQ1NjItZWU5MS00YjI0LTg2OTYtYmFkN2JkMmNiNWVkXkEyXkFqcGdeQXVyMTMxMTY0OTQ@._V1_UX546_CR0,0,546,804_AL_.jpg",133,"Action, Drama, Mystery",8.6,85,Masaki Kobayashi,"Tatsuya Nakadai, Akira Ishihama, Shima Iwashita, Tetsurô Tanba"
Shichinin no samurai,1954,"https://m.media-amazon.com/images/M/MV5BOWE4ZDdhNmMtNzE5ZC00NzExLTlhNGMtY2ZhYjYzODEzODA1XkEyXkFqcGdeQXVyNTAyODkwOQ@@._V1_UX546_CR0,0,546,804_AL_.jpg",207,"Action, Adventure, Drama",8.6,98,Akira Kurosawa,"Toshirô Mifune, Takashi Shimura, Keiko Tsushima, Yukiko Shimazaki"
It's a Wonderful Life,1946,"https://m.media-amazon.com/images/M/MV5BZjc4NDZhZWMtNGEzYS00ZWU2LThlM2ItNTA0YzQ0OTExMTE2XkEyXkFqcGdeQXVyNjUwMzI2NzU@._V1_UX546_CR0,0,546,804_AL_.jpg",130,"Drama, Family, Fantasy",8.6,89,Frank Capra,"James Stewart, Donna Reed, Lionel Barrymore, Thomas Mitchell"
Joker,2019,"https://m.media-amazon.com/images/M/MV5BNGVjNWI4ZGUtNzE0MS00YTJmLWE0ZDctN2ZiYTk2YmI3NTYyXkEyXkFqcGdeQXVyMTkxNjUyNQ@@._V1_UX546_CR0,0,546,804_AL_.jpg",122,"Crime, Drama, Thriller",8.5,59,Todd Phillips,"Joaquin Phoenix, Robert De Niro, Zazie Beetz, Frances Conroy"
Vikram Vedha,2017,"https://m.media-amazon.com/images/M/MV5BY2FiMTFmMzMtZDI2ZC00NDQyLWExYTUtOWNmZWM1ZDg5YjVjXkEyXkFqcGdeQXVyODIwMDI1NjM@._V1_UX546_CR0,0,546,804_AL_.jpg",147,"Action, Crime, Drama",8.5,0,Gayatri,"Pushkar, Madhavan, Vijay Sethupathi, Shraddha Srinath, Kathir"
Whiplash,2014,"https://m.media-amazon.com/images/M/MV5BOTA5NDZlZGUtMjAxOS00YTRkLTkwYmMtYWQ0NWEwZDZiNjEzXkEyXkFqcGdeQXVyMTMxODk2OTU@._V1_UX546_CR0,0,546,804_AL_.jpg",106,"Drama, Music",8.5,88,Damien Chazelle,"Miles Teller, J.K. Simmons, Melissa Benoist, Paul Reiser"
The Intouchables,2011,"https://m.media-amazon.com/images/M/MV5BMTYxNDA3MDQwNl5BMl5BanBnXkFtZTcwNTU4Mzc1Nw@@._V1_UX546_CR0,0,546,804_AL_.jpg",112,"Biography, Comedy, Drama",8.5,57,Olivier Nakache,"Éric Toledano, François Cluzet, Omar Sy, Anne Le Ny, Audrey Fleurot"
The Prestige,2006,"https://m.media-amazon.com/images/M/MV5BMjA4NDI0MTIxNF5BMl5BanBnXkFtZTYwNTM0MzY2._V1_UX67_CR0,0,67,98_AL_.jpg@._V1_UX546_CR0,0,546,804_AL_.jpg",130,"Drama, Mystery, Sci-Fi",8.5,66,Christopher Nolan,"Christian Bale, Hugh Jackman, Scarlett Johansson, Michael Caine"
The Departed,2006,"https://m.media-amazon.com/images/M/MV5BMTI1MTY2OTIxNV5BMl5BanBnXkFtZTYwNjQ4NjY3._V1_UX67_CR0,0,67,98_AL_.jpg@._V1_UX546_CR0,0,546,804_AL_.jpg",151,"Crime, Drama, Thriller",8.5,85,Martin Scorsese,"Leonardo DiCaprio, Matt Damon, Jack Nicholson, Mark Wahlberg"
The Pianist,2002,"https://m.media-amazon.com/images/M/MV5BOWRiZDIxZjktMTA1NC00MDQ2LWEzMjUtMTliZmY3NjQ3ODJiXkEyXkFqcGdeQXVyNjU0OTQ0OTY@._V1_UX546_CR0,0,546,804_AL_.jpg",150,"Biography, Drama, Music",8.5,85,Roman Polanski,"Adrien Brody, Thomas Kretschmann, Frank Finlay, Emilia Fox"
Gladiator,2000,"https://m.media-amazon.com/images/M/MV5BMDliMmNhNDEtODUyOS00MjNlLTgxODEtN2U3NzIxMGVkZTA1L2ltYWdlXkEyXkFqcGdeQXVyNjU0OTQ0OTY@._V1_UX546_CR0,0,546,804_AL_.jpg",155,"Action, Adventure, Drama",8.5,67,Ridley Scott,"Russell Crowe, Joaquin Phoenix, Connie Nielsen, Oliver Reed"
American History X,1998,"https://m.media-amazon.com/images/M/MV5BZjA0MTM4MTQtNzY5MC00NzY3LWI1ZTgtYzcxMjkyMzU4MDZiXkEyXkFqcGdeQXVyNDYyMDk5MTU@._V1_UX546_CR0,0,546,804_AL_.jpg",119,Drama,8.5,62,Tony Kaye,"Edward Norton, Edward Furlong, Beverly D'Angelo, Jennifer Lien"
The Usual Suspects,1995,"https://m.media-amazon.com/images/M/MV5BYTViNjMyNmUtNDFkNC00ZDRlLThmMDUtZDU2YWE4NGI2ZjVmXkEyXkFqcGdeQXVyNjU0OTQ0OTY@._V1_UX546_CR0,0,546,804_AL_.jpg",106,"Crime, Mystery, Thriller",8.5,77,Bryan Singer,"Kevin Spacey, Gabriel Byrne, Chazz Palminteri, Stephen Baldwin"
Léon,1994,"https://m.media-amazon.com/images/M/MV5BODllNWE0MmEtYjUwZi00ZjY3LThmNmQtZjZlMjI2YTZjYmQ0XkEyXkFqcGdeQXVyNTc1NTQxODI@._V1_UX546_CR0,0,546,804_AL_.jpg",110,"Action, Crime, Drama",8.5,64,Luc Besson,"Jean Reno, Gary Oldman, Natalie Portman, Danny Aiello"
The Lion King,1994,"https://m.media-amazon.com/images/M/MV5BYTYxNGMyZTYtMjE3MS00MzNjLWFjNmYtMDk3N2FmM2JiM2M1XkEyXkFqcGdeQXVyNjY5NDU4NzI@._V1_UX546_CR0,0,546,804_AL_.jpg",88,"Animation, Adventure, Drama",8.5,88,Roger Allers,"Rob Minkoff, Matthew Broderick, Jeremy Irons, James Earl Jones, Whoopi Goldberg"
Terminator 2: Judgment Day,1991,"https://m.media-amazon.com/images/M/MV5BMGU2NzRmZjUtOGUxYS00ZjdjLWEwZWItY2NlM2JhNjkxNTFmXkEyXkFqcGdeQXVyNjU0OTQ0OTY@._V1_UX546_CR0,0,546,804_AL_.jpg",137,"Action, Sci-Fi",8.5,75,James Cameron,"Arnold Schwarzenegger, Linda Hamilton, Edward Furlong, Robert Patrick"
Nuovo Cinema Paradiso,1988,"https://m.media-amazon.com/images/M/MV5BM2FhYjEyYmYtMDI1Yy00YTdlLWI2NWQtYmEzNzAxOGY1NjY2XkEyXkFqcGdeQXVyNTA3NTIyNDg@._V1_UX546_CR0,0,546,804_AL_.jpg",155,Drama,8.5,80,Giuseppe Tornatore,"Philippe Noiret, Enzo Cannavale, Antonella Attili, Isa Danieli"
Hotaru no haka,1988,"https://m.media-amazon.com/images/M/MV5BZmY2NjUzNDQtNTgxNC00M2Q4LTljOWQtMjNjNDBjNWUxNmJlXkEyXkFqcGdeQXVyNTA4NzY1MzY@._V1_UX546_CR0,0,546,804_AL_.jpg",89,"Animation, Drama, War",8.5,94,Isao Takahata,"Tsutomu Tatsumi, Ayano Shiraishi, Akemi Yamaguchi, Yoshiko Shinohara"
Back to the Future,1985,"https://m.media-amazon.com/images/M/MV5BZmU0M2Y1OGUtZjIxNi00ZjBkLTg1MjgtOWIyNThiZWIwYjRiXkEyXkFqcGdeQXVyMTQxNzMzNDI@._V1_UX546_CR0,0,546,804_AL_.jpg",116,"Adventure, Comedy, Sci-Fi",8.5,87,Robert Zemeckis,"Michael J. Fox, Christopher Lloyd, Lea Thompson, Crispin Glover"
Once Upon a Time in the West,1968,"https://m.media-amazon.com/images/M/MV5BZGI5MjBmYzYtMzJhZi00NGI1LTk3MzItYjBjMzcxM2U3MDdiXkEyXkFqcGdeQXVyNzkwMjQ5NzM@._V1_UX546_CR0,0,546,804_AL_.jpg",165,Western,8.5,80,Sergio Leone,"Henry Fonda, Charles Bronson, Claudia Cardinale, Jason Robards"
Once Upon a Time in the West,1968,"https://m.media-amazon.com/images/M/MV5BZGI5MjBmYzYtMzJhZi00NGI1LTk3MzItYjBjMzcxM2U3MDdiXkEyXkFqcGdeQXVyNzkwMjQ5NzM@._V1_UX546_CR0,0,546,804_AL_.jpg",165,Western,8.5,80,Sergio Leone,"Henry Fonda, Charles Bronson, Claudia Cardinale, Jason Robards"
Psycho,1960,"https://m.media-amazon.com/images/M/MV5BNTQwNDM1YzItNDAxZC00NWY2LTk0M2UtNDIwNWI5OGUyNWUxXkEyXkFqcGdeQXVyNzkwMjQ5NzM@._V1_UX546_CR0,0,546,804_AL_.jpg",109,"Horror, Mystery, Thriller",8.5,97,Alfred Hitchcock,"Anthony Perkins, Janet Leigh, Vera Miles, John Gavin"
Casablanca,1942,"https://m.media-amazon.com/images/M/MV5BY2IzZGY2YmEtYzljNS00NTM5LTgwMzUtMzM1NjQ4NGI0OTk0XkEyXkFqcGdeQXVyNDYyMDk5MTU@._V1_UX546_CR0,0,546,804_AL_.jpg",102,"Drama, Romance, War",8.5,100,Michael Curtiz,"Humphrey Bogart, Ingrid Bergman, Paul Henreid, Claude Rains"
Modern Times,1936,"https://m.media-amazon.com/images/M/MV5BYjJiZjMzYzktNjU0NS00OTkxLWEwYzItYzdhYWJjN2QzMTRlL2ltYWdlL2ltYWdlXkEyXkFqcGdeQXVyNjU0OTQ0OTY@._V1_UX546_CR0,0,546,804_AL_.jpg",87,"Comedy, Drama, Family",8.5,96,Charles Chaplin,"Charles Chaplin, Paulette Goddard, Henry Bergman, Tiny Sandford"
City Lights,1931,"https://m.media-amazon.com/images/M/MV5BY2I4MmM1N2EtM2YzOS00OWUzLTkzYzctNDc5NDg2N2IyODJmXkEyXkFqcGdeQXVyNzkwMjQ5NzM@._V1_UX546_CR0,0,546,804_AL_.jpg",87,"Comedy, Drama, Romance",8.5,99,Charles Chaplin,"Charles Chaplin, Virginia Cherrill, Florence Lee, Harry Myers"
Capharnaüm,2018,"https://m.media-amazon.com/images/M/MV5BMmExNzU2ZWMtYzUwYi00YmM2LTkxZTQtNmVhNjY0NTMyMWI2XkEyXkFqcGdeQXVyMTMxODk2OTU@._V1_UX546_CR0,0,546,804_AL_.jpg",126,Drama,8.4,75,Nadine Labaki,"Zain Al Rafeea, Yordanos Shiferaw, Boluwatife Treasure Bankole, Kawsar Al Haddad"
Ayla: The Daughter of War,2017,"https://m.media-amazon.com/images/M/MV5BNWJhMDlmZGUtYzcxNS00NDRiLWIwNjktNDY1Mjg3ZjBkYzY0XkEyXkFqcGdeQXVyMTU4MjUwMjI@._V1_UX546_CR0,0,546,804_AL_.jpg",125,"Biography, Drama, History",8.4,0,Can Ulkay,"Özdemir Eroglu, Çetin Tekindor, Ismail Hacioglu, Kyung-jin Lee"
Kimi no na wa.,2016,"https://m.media-amazon.com/images/M/MV5BODRmZDVmNzUtZDA4ZC00NjhkLWI2M2UtN2M0ZDIzNDcxYThjL2ltYWdlXkEyXkFqcGdeQXVyNTk0MzMzODA@._V1_UX546_CR0,0,546,804_AL_.jpg",106,"Animation, Drama, Fantasy",8.4,79,Makoto Shinkai,"Ryûnosuke Kamiki, Mone Kamishiraishi, Ryô Narita, Aoi Yûki"
Dangal,2016,"https://m.media-amazon.com/images/M/MV5BMTQ4MzQzMzM2Nl5BMl5BanBnXkFtZTgwMTQ1NzU3MDI@._V1_UX546_CR0,0,546,804_AL_.jpg",161,"Action, Biography, Drama",8.4,0,Nitesh Tiwari,"Aamir Khan, Sakshi Tanwar, Fatima Sana Shaikh, Sanya Malhotra"
Spider-Man: Into the Spider-Verse,2018,"https://m.media-amazon.com/images/M/MV5BMjMwNDkxMTgzOF5BMl5BanBnXkFtZTgwNTkwNTQ3NjM@._V1_UX546_CR0,0,546,804_AL_.jpg",117,"Animation, Action, Adventure",8.4,87,Bob Persichetti,"Peter Ramsey, Rodney Rothman, Shameik Moore, Jake Johnson, Hailee Steinfeld, Mahershala Ali"
Avengers: Endgame,2019,"https://m.media-amazon.com/images/M/MV5BMTc5MDE2ODcwNV5BMl5BanBnXkFtZTgwMzI2NzQ2NzM@._V1_UX546_CR0,0,546,804_AL_.jpg",181,"Action, Adventure, Drama",8.4,78,Anthony Russo,"Joe Russo, Robert Downey Jr., Chris Evans, Mark Ruffalo, Chris Hemsworth"
Avengers: Infinity War,2018,"https://m.media-amazon.com/images/M/MV5BMjMxNjY2MDU1OV5BMl5BanBnXkFtZTgwNzY1MTUwNTM@._V1_UX546_CR0,0,546,804_AL_.jpg",149,"Action, Adventure, Sci-Fi",8.4,68,Anthony Russo,"Joe Russo, Robert Downey Jr., Chris Hemsworth, Mark Ruffalo, Chris Evans"
Coco,2017,"https://m.media-amazon.com/images/M/MV5BYjQ5NjM0Y2YtNjZkNC00ZDhkLWJjMWItN2QyNzFkMDE3ZjAxXkEyXkFqcGdeQXVyODIxMzk5NjA@._V1_UX546_CR0,0,546,804_AL_.jpg",105,"Animation, Adventure, Family",8.4,81,Lee Unkrich,"Adrian Molina, Anthony Gonzalez, Gael García Bernal, Benjamin Bratt, Alanna Ubach"
Django Unchained,2012,"https://m.media-amazon.com/images/M/MV5BMjIyNTQ5NjQ1OV5BMl5BanBnXkFtZTcwODg1MDU4OA@@._V1_UX546_CR0,0,546,804_AL_.jpg",165,"Drama, Western",8.4,81,Quentin Tarantino,"Jamie Foxx, Christoph Waltz, Leonardo DiCaprio, Kerry Washington"
The Dark Knight Rises,2012,"https://m.media-amazon.com/images/M/MV5BMTk4ODQzNDY3Ml5BMl5BanBnXkFtZTcwODA0NTM4Nw@@._V1_UX546_CR0,0,546,804_AL_.jpg",164,"Action, Adventure",8.4,78,Christopher Nolan,"Christian Bale, Tom Hardy, Anne Hathaway, Gary Oldman"
3 Idiots,2009,"https://m.media-amazon.com/images/M/MV5BNTkyOGVjMGEtNmQzZi00NzFlLTlhOWQtODYyMDc2ZGJmYzFhXkEyXkFqcGdeQXVyNjU0OTQ0OTY@._V1_UX546_CR0,0,546,804_AL_.jpg",170,"Comedy, Drama",8.4,67,Rajkumar Hirani,"Aamir Khan, Madhavan, Mona Singh, Sharman Joshi"
Taare Zameen Par,2007,"https://m.media-amazon.com/images/M/MV5BMDhjZWViN2MtNzgxOS00NmI4LThiZDQtZDI3MzM4MDE4NTc0XkEyXkFqcGdeQXVyMTMxODk2OTU@._V1_UX546_CR0,0,546,804_AL_.jpg",165,"Drama, Family",8.4,0,Aamir Khan,"Amole Gupte, Darsheel Safary, Aamir Khan, Tisca Chopra, Vipin Sharma"
WALL·E,2008,"https://m.media-amazon.com/images/M/MV5BMjExMTg5OTU0NF5BMl5BanBnXkFtZTcwMjMxMzMzMw@@._V1_UX546_CR0,0,546,804_AL_.jpg",98,"Animation, Adventure, Family",8.4,95,Andrew Stanton,"Ben Burtt, Elissa Knight, Jeff Garlin, Fred Willard"
The Lives of Others,2006,"https://m.media-amazon.com/images/M/MV5BOThkM2EzYmMtNDE3NS00NjlhLTg4YzktYTdhNzgyOWY3ZDYzXkEyXkFqcGdeQXVyNzQzNzQxNzI@._V1_UX546_CR0,0,546,804_AL_.jpg",137,"Drama, Mystery, Thriller",8.4,89,Florian Henckel von Donnersmarck,"Ulrich Mühe, Martina Gedeck, Sebastian Koch, Ulrich Tukur"
Oldeuboi,2003,"https://m.media-amazon.com/images/M/MV5BMTI3NTQyMzU5M15BMl5BanBnXkFtZTcwMTM2MjgyMQ@@._V1_UX546_CR0,0,546,804_AL_.jpg",120,"Action, Drama, Mystery",8.4,77,Chan-wook Park,"Choi Min-sik, Yoo Ji-Tae, Kang Hye-jeong, Kim Byeong-Ok"
Memento,2000,"https://m.media-amazon.com/images/M/MV5BZTcyNjk1MjgtOWI3Mi00YzQwLWI5MTktMzY4ZmI2NDAyNzYzXkEyXkFqcGdeQXVyNjU0OTQ0OTY@._V1_UX546_CR0,0,546,804_AL_.jpg",113,"Mystery, Thriller",8.4,80,Christopher Nolan,"Guy Pearce, Carrie-Anne Moss, Joe Pantoliano, Mark Boone Junior"
Mononoke-hime,1997,"https://m.media-amazon.com/images/M/MV5BNGIzY2IzODQtNThmMi00ZDE4LWI5YzAtNzNlZTM1ZjYyYjUyXkEyXkFqcGdeQXVyODEzNjM5OTQ@._V1_UX546_CR0,0,546,804_AL_.jpg",134,"Animation, Adventure, Fantasy",8.4,76,Hayao Miyazaki,"Yôji Matsuda, Yuriko Ishida, Yûko Tanaka, Billy Crudup"
Once Upon a Time in America,1984,"https://m.media-amazon.com/images/M/MV5BMGFkNWI4MTMtNGQ0OC00MWVmLTk3MTktOGYxN2Y2YWVkZWE2XkEyXkFqcGdeQXVyNjU0OTQ0OTY@._V1_UX546_CR0,0,546,804_AL_.jpg",229,"Crime, Drama",8.4,0,Sergio Leone,"Robert De Niro, James Woods, Elizabeth McGovern, Treat Williams"
Raiders of the Lost Ark,1981,"https://m.media-amazon.com/images/M/MV5BMjA0ODEzMTc1Nl5BMl5BanBnXkFtZTcwODM2MjAxNA@@._V1_UX546_CR0,0,546,804_AL_.jpg",115,"Action, Adventure",8.4,85,Steven Spielberg,"Harrison Ford, Karen Allen, Paul Freeman, John Rhys-Davies"
The Shining,1980,"https://m.media-amazon.com/images/M/MV5BZWFlYmY2MGEtZjVkYS00YzU4LTg0YjQtYzY1ZGE3NTA5NGQxXkEyXkFqcGdeQXVyMTQxNzMzNDI@._V1_UX546_CR0,0,546,804_AL_.jpg",146,"Drama, Horror",8.4,66,Stanley Kubrick,"Jack Nicholson, Shelley Duvall, Danny Lloyd, Scatman Crothers"
Apocalypse Now,1979,"https://m.media-amazon.com/images/M/MV5BMDdhODg0MjYtYzBiOS00ZmI5LWEwZGYtZDEyNDU4MmQyNzFkXkEyXkFqcGdeQXVyNzkwMjQ5NzM@._V1_UX546_CR0,0,546,804_AL_.jpg",147,"Drama, Mystery, War",8.4,94,Francis Ford Coppola,"Martin Sheen, Marlon Brando, Robert Duvall, Frederic Forrest"
Alien,1979,"https://m.media-amazon.com/images/M/MV5BMmQ2MmU3NzktZjAxOC00ZDZhLTk4YzEtMDMyMzcxY2IwMDAyXkEyXkFqcGdeQXVyNzkwMjQ5NzM@._V1_UX546_CR0,0,546,804_AL_.jpg",117,"Horror, Sci-Fi",8.4,89,Ridley Scott,"Sigourney Weaver, Tom Skerritt, John Hurt, Veronica Cartwright"
Anand,1971,"https://m.media-amazon.com/images/M/MV5BYmYzNmM2MDctZGY3Yi00NjRiLWIxZjctYjgzYTcxYTNhYTMyXkEyXkFqcGdeQXVyMjUxMTY3ODM@._V1_UX546_CR0,0,546,804_AL_.jpg",122,"Drama, Musical",8.4,0,Hrishikesh Mukherjee,"Rajesh Khanna, Amitabh Bachchan, Sumita Sanyal, Ramesh Deo"
Tengoku to jigoku,1963,"https://m.media-amazon.com/images/M/MV5BOTI4NTNhZDMtMWNkZi00MTRmLWJmZDQtMmJkMGVmZTEzODlhXkEyXkFqcGdeQXVyNjc1NTYyMjg@._V1_UX546_CR0,0,546,804_AL_.jpg",143,"Crime, Drama, Mystery",8.4,0,Akira Kurosawa,"Toshirô Mifune, Yutaka Sada, Tatsuya Nakadai, Kyôko Kagawa"
Dr. Strangelove or: How I Learned to Stop Worrying and Love the Bomb,1964,"https://m.media-amazon.com/images/M/MV5BZWI3ZTMxNjctMjdlNS00NmUwLWFiM2YtZDUyY2I3N2MxYTE0XkEyXkFqcGdeQXVyNzkwMjQ5NzM@._V1_UX546_CR0,0,546,804_AL_.jpg",95,Comedy,8.4,97,Stanley Kubrick,"Peter Sellers, George C. Scott, Sterling Hayden, Keenan Wynn"
Witness for the Prosecution,1957,"https://m.media-amazon.com/images/M/MV5BNDQwODU5OWYtNDcyNi00MDQ1LThiOGMtZDkwNWJiM2Y3MDg0XkEyXkFqcGdeQXVyMDI2NDg0NQ@@._V1_UX546_CR0,0,546,804_AL_.jpg",116,"Crime, Drama, Mystery",8.4,0,Billy Wilder,"Tyrone Power, Marlene Dietrich, Charles Laughton, Elsa Lanchester"
Paths of Glory,1957,"https://m.media-amazon.com/images/M/MV5BNjViMmRkOTEtM2ViOS00ODg0LWJhYWEtNTBlOGQxNDczOGY3XkEyXkFqcGdeQXVyMDI2NDg0NQ@@._V1_UX546_CR0,0,546,804_AL_.jpg",88,"Drama, War",8.4,90,Stanley Kubrick,"Kirk Douglas, Ralph Meeker, Adolphe Menjou, George Macready"
Rear Window,1954,"https://m.media-amazon.com/images/M/MV5BNGUxYWM3M2MtMGM3Mi00ZmRiLWE0NGQtZjE5ODI2OTJhNTU0XkEyXkFqcGdeQXVyMTQxNzMzNDI@._V1_UX546_CR0,0,546,804_AL_.jpg",112,"Mystery, Thriller",8.4,100,Alfred Hitchcock,"James Stewart, Grace Kelly, Wendell Corey, Thelma Ritter"
Sunset Blvd.,1950,"https://m.media-amazon.com/images/M/MV5BMTU0NTkyNzYwMF5BMl5BanBnXkFtZTgwMDU0NDk5MTI@._V1_UX546_CR0,0,546,804_AL_.jpg",110,"Drama, Film-Noir",8.4,0,Billy Wilder,"William Holden, Gloria Swanson, Erich von Stroheim, Nancy Olson"
The Great Dictator,1940,"https://m.media-amazon.com/images/M/MV5BMmExYWJjNTktNGUyZS00ODhmLTkxYzAtNWIzOGEyMGNiMmUwXkEyXkFqcGdeQXVyNjU0OTQ0OTY@._V1_UX546_CR0,0,546,804_AL_.jpg",125,"Comedy, Drama, War",8.4,0,Charles Chaplin,"Charles Chaplin, Paulette Goddard, Jack Oakie, Reginald Gardiner"
1917,2019,"https://m.media-amazon.com/images/M/MV5BOTdmNTFjNDEtNzg0My00ZjkxLTg1ZDAtZTdkMDc2ZmFiNWQ1XkEyXkFqcGdeQXVyNTAzNzgwNTg@._V1_UX546_CR0,0,546,804_AL_.jpg",119,"Drama, Thriller, War",8.3,78,Sam Mendes,"Dean-Charles Chapman, George MacKay, Daniel Mays, Colin Firth"
Tumbbad,2018,"https://m.media-amazon.com/images/M/MV5BYmQxNmU4ZjgtYzE5Mi00ZDlhLTlhOTctMzJkNjk2ZGUyZGEwXkEyXkFqcGdeQXVyMzgxMDA0Nzk@._V1_UX546_CR0,0,546,804_AL_.jpg",104,"Drama, Fantasy, Horror",8.3,0,Rahi Anil Barve,"Anand Gandhi, Adesh Prasad, Sohum Shah, Jyoti Malshe, Anita Date, Ronjini Chakraborty"
Andhadhun,2018,"https://m.media-amazon.com/images/M/MV5BZWZhMjhhZmYtOTIzOC00MGYzLWI1OGYtM2ZkN2IxNTI4ZWI3XkEyXkFqcGdeQXVyNDAzNDk0MTQ@._V1_UX546_CR0,0,546,804_AL_.jpg",139,"Crime, Drama, Music",8.3,0,Sriram Raghavan,"Ayushmann Khurrana, Tabu, Radhika Apte, Anil Dhawan"
Drishyam,2013,"https://m.media-amazon.com/images/M/MV5BYmY3MzYwMGUtOWMxYS00OGVhLWFjNmUtYzlkNGVmY2ZkMjA3XkEyXkFqcGdeQXVyMTExNDQ2MTI@._V1_UX546_CR0,0,546,804_AL_.jpg",160,"Crime, Drama, Thriller",8.3,0,Jeethu Joseph,"Mohanlal, Meena, Asha Sharath, Ansiba"
Jagten,2012,"https://m.media-amazon.com/images/M/MV5BMTg2NDg3ODg4NF5BMl5BanBnXkFtZTcwNzk3NTc3Nw@@._V1_UX546_CR0,0,546,804_AL_.jpg",115,Drama,8.3,77,Thomas Vinterberg,"Mads Mikkelsen, Thomas Bo Larsen, Annika Wedderkopp, Lasse Fogelstrøm"
Jodaeiye Nader az Simin,2011,"https://m.media-amazon.com/images/M/MV5BN2JmMjViMjMtZTM5Mi00ZGZkLTk5YzctZDg5MjFjZDE4NjNkXkEyXkFqcGdeQXVyMTMxODk2OTU@._V1_UX546_CR0,0,546,804_AL_.jpg",123,Drama,8.3,95,Asghar Farhadi,"Payman Maadi, Leila Hatami, Sareh Bayat, Shahab Hosseini"
Incendies,2010,"https://m.media-amazon.com/images/M/MV5BMWE3MGYzZjktY2Q5Mi00Y2NiLWIyYWUtMmIyNzA3YmZlMGFhXkEyXkFqcGdeQXVyMTMxODk2OTU@._V1_UX546_CR0,0,546,804_AL_.jpg",131,"Drama, Mystery, War",8.3,80,Denis Villeneuve,"Lubna Azabal, Mélissa Désormeaux-Poulin, Maxim Gaudette, Mustafa Kamel"
Miracle in cell NO.7,2019,"https://m.media-amazon.com/images/M/MV5BOGE3N2QxN2YtM2ZlNS00MWIyLWE1NDAtYWFlN2FiYjY1MjczXkEyXkFqcGdeQXVyOTUwNzc0ODc@._V1_UX546_CR0,0,546,804_AL_.jpg",132,Drama,8.3,0,Mehmet Ada Öztekin,"Aras Bulut Iynemli, Nisa Sofiya Aksongur, Deniz Baysal, Celile Toyon Uysal"
Babam ve Oglum,2005,"https://m.media-amazon.com/images/M/MV5BNjAzMzEwYzctNjc1MC00Nzg5LWFmMGItMTgzYmMyNTY2OTQ4XkEyXkFqcGdeQXVyNjU0OTQ0OTY@._V1_UX546_CR0,0,546,804_AL_.jpg",108,"Drama, Family",8.3,0,Çagan Irmak,"Çetin Tekindor, Fikret Kuskan, Hümeyra, Ege Tanman"
Toy Story 3,2010,"https://m.media-amazon.com/images/M/MV5BMTgxOTY4Mjc0MF5BMl5BanBnXkFtZTcwNTA4MDQyMw@@._V1_UX546_CR0,0,546,804_AL_.jpg",103,"Animation, Adventure, Comedy",8.3,92,Lee Unkrich,"Tom Hanks, Tim Allen, Joan Cusack, Ned Beatty"
Inglourious Basterds,2009,"https://m.media-amazon.com/images/M/MV5BOTJiNDEzOWYtMTVjOC00ZjlmLWE0NGMtZmE1OWVmZDQ2OWJhXkEyXkFqcGdeQXVyNTIzOTk5ODM@._V1_UX546_CR0,0,546,804_AL_.jpg",153,"Adventure, Drama, War",8.3,69,Quentin Tarantino,"Brad Pitt, Diane Kruger, Eli Roth, Mélanie Laurent"
Eternal Sunshine of the Spotless Mind,2004,"https://m.media-amazon.com/images/M/MV5BMTY4NzcwODg3Nl5BMl5BanBnXkFtZTcwNTEwOTMyMw@@._V1_UX546_CR0,0,546,804_AL_.jpg",108,"Drama, Romance, Sci-Fi",8.3,89,Michel Gondry,"Jim Carrey, Kate Winslet, Tom Wilkinson, Gerry Robert Byrne"
Amélie,2001,"https://m.media-amazon.com/images/M/MV5BNDg4NjM1YjMtYmNhZC00MjM0LWFiZmYtNGY1YjA3MzZmODc5XkEyXkFqcGdeQXVyNDk3NzU2MTQ@._V1_UX546_CR0,0,546,804_AL_.jpg",122,"Comedy, Romance",8.3,69,Jean-Pierre Jeunet,"Audrey Tautou, Mathieu Kassovitz, Rufus, Lorella Cravotta"
Snatch,2000,"https://m.media-amazon.com/images/M/MV5BMTA2NDYxOGYtYjU1Mi00Y2QzLTgxMTQtMWI1MGI0ZGQ5MmU4XkEyXkFqcGdeQXVyNDk3NzU2MTQ@._V1_UX546_CR0,0,546,804_AL_.jpg",104,"Comedy, Crime",8.3,55,Guy Ritchie,"Jason Statham, Brad Pitt, Benicio Del Toro, Dennis Farina"
Requiem for a Dream,2000,"https://m.media-amazon.com/images/M/MV5BOTdiNzJlOWUtNWMwNS00NmFlLWI0YTEtZmI3YjIzZWUyY2Y3XkEyXkFqcGdeQXVyNjU0OTQ0OTY@._V1_UX546_CR0,0,546,804_AL_.jpg",102,Drama,8.3,68,Darren Aronofsky,"Ellen Burstyn, Jared Leto, Jennifer Connelly, Marlon Wayans"
